[
   {
      "id": "120363054465977164@g.us",
      "key": "rules ress",
      "response": " *RULES RESELLER*\n\n_Mohon dibaca & dipahami_\n\n1. *Don't expect too much in BLACK MARKET*\n2. Jam operasional 08.00 - 24.00 WIB (kadang fleksibel)\n3. Dilarang mengajak / menawarkan app premium kepada resseller lain baik via pc atau grup, bagi yang resseller melaporkan tindakan hal ini maka akan mendapatkan reward dari owner. Bagi yg melanggar akan di kick dan semua garansi hangus total.\n4. Dilarang keluar grup tanpa pemberitahuan, keluar grup tanpa pemberitahuan = garansi hangus\n5. Payment first, send bukti payment & form = proses\nHarga sewaktu-waktu bisa berubah\n6. Proses pengerjaan order minimal 1-60 menit dan maksimal 1x24 jam (don't rude)\n7. Proses garansi dan renewal maksimal 0-7x24 jam.\n8. No fee dan no target\n9. No rude resseller, tidak sabar dan tidak mau mengikuti prosedur yang ada.\n10. Dilarang untuk pemakaian pribadi secara terus menerus.",
      "isImage": false,
      "image_url": "-"
   },
   {
      "id": "120363054465977164@g.us",
      "key": "jadi reseller",
      "response": " ✨ SISTEM JUAL UNTUK RESELLER ✨\n\njadi harga yang akan kamu setor ke aku adalah harga yang aku tulis di note grup ini. disini semua akun premium legal & resmi karna real pakai akun. jadi kamu gaperlu khawatir\nuntung yg kamu dapatkan adalah dgn cara menaikkan harga\ncontoh: \n\naku jual netflix 1 bulan : 23k\nkamu jual netflix 1 bulan : 30k\n\nnah, kamu bisa dapet untung 2k-15k. untuk harga jual itu terserah kamu jual berapa yang penting kamu setor ke aku dengan harga reseller yg aku kasih🙌🏻\n\n*RULES*\n1. No fee no target\n2. wajib menggunakan format orderan agar tidak terjadi kesalahan\n3. wajib mengirimkan bukti pembayaran, karena pembayaran baru di proses\n4. no rush order/claim garansi, proses order 5-30 menit dan garansi 2×24jam\n5. jika belum di baca 10 menit bisa rechat admin\n6. pembayaran tidak bisa melalui pulsa\n7. tidak boleh menawarkan ke sesama reseller\n8. harga bisa berubah ubah, tanya kan stok dan harga pada admin sebelum order\n9. left grup tanpa izin maka garansi akan hangus",
      "isImage": false,
      "image_url": "-"
   },
   {
      "id": "120363054465977164@g.us",
      "key": "format order",
      "response": " ☘️ *FORMAT ORDER APP PREMIUM* ☘️\r\n • Tgl Order :\r\n • Aplikasi :\n • Plan :\r\n • Durasi :\r\n • Payment via :\r\n • Email : \r\n • Pass : \n\r\n\n☘️ *FORM ORDER NETFLIX & DISNEY* ☘️\n • Tgl order :\n • User :\n • Durasi : \n • Tipe device + Merk : \n • Plan : \n • Lokasi : \n📍 Send form max 1x24 jam",
      "isImage": false,
      "image_url": "-"
   },
   {
      "id": "120363054465977164@g.us",
      "key": "form garansi",
      "response": " ☘️ *FORMAT REPORT / RENEWAL* ☘️\n • Aplikasi :\n • Plan : \n • Masalah : \n • Tgl order :\n • Tgl report :\n • Durasi :\n • Sisa durasi :\n • Email :\n • Password :\n\n📍 Screenshot problem\n📍 Proses 3x24jam\n📍 Dilarang spam & rude",
      "isImage": false,
      "image_url": "-"
   },
   {
      "id": "120363054465977164@g.us",
      "key": "arti screen limit",
      "response": " *ARTI SCREEN LIMIT & LIMIT LOGIN* \n\n*Screen limit =* Semua device menonton dalam waktu bersamaan, jadi user yang kena screen limit gabisa nonton untuk sementara (refresh setelah 30 menit)\n \n- Netflix 1U : 5 device, screen limit 4\n- Netflix 2U : 10 device, screen limit 4\n- Iqiyi standar : 4 device, screen limit 2 \n- Disney : 2, 3, 4 device/user screen limit 2\n- Vidio : 5 device, screen limit 2\n- HBO GO : 5 device, screen limit 2\n- WeTV : 5 device, no screen limit\n- Drakor Id : 5 device, screen limit 3\n- Viu : 3 device, screen limit 3\n\n*Limit login =* Biasanya terjadi pada wetv sharing, soalnya jumlah percobaan login yang banyak karna akun sharing (ketika pengguna akun sharing sering login-logout berkali2)\nSolusi ketika limit login wetv : \nLogin via web jangan dari aplikasi",
      "isImage": false,
      "image_url": "-"
   },
   {
      "id": "120363054465977164@g.us",
      "key": "arti indplan & famplan",
      "response": " ☘️ *INDPLAN & FAMPLAN* ☘️\n\n┗―⁠→ Indplan (individual plan)\n• pemakaian pribadi\n• history tidak tercampur\n• premiumkan langsung di akunnya\n• lebih private\n• 1 akun bisa indplan 1x\n• setelah indplan bisa famplan\n\n ┗―⁠→Famplan (family plan)\n• pemakaian bersama\n• history tontonan tidak tercampur\n• via invite akun\n• 1 akun bisa famplan 2x",
      "isImage": false,
      "image_url": "-"
   },
   {
      "id": "120363054465977164@g.us",
      "key": "arti 1u, 2u",
      "response": " ☘️ *ARTI 1U, 2U, Dll* ☘️\n\n*NETFLIX SHARING*\n• 1P1U = 1 profile 1 user (1 profile cuma 1 orang yang pake)\n• 1P2U = 1 profile 2 user (1 profile ada 2 orang yang pake)\n• Semi Private/less limit = 1 profil 1-2 user, 2 device\n\n*DISNEY+, VIDIO, IQIYI,dll SHARING*\n• 1u = 1 akun 1 user (private)\n• 2u = 1 akun 2 user (anti limit)\n• 3u = 1 akun 3 user (less limit)\n• 4u = 1 akun 4 user (kemungkinan limit besar)\n\n*Semua akun dengan sebutan diatas bisa limit ya guys. Kalau tidak mau limit, mohon untuk membeli yang private*",
      "isImage": false,
      "image_url": "-"
   },
   {
      "id": "120363054465977164@g.us",
      "key": "perbedaan netflix",
      "response": " PERBEDAAN NETFLIX\n \n➜ NETFLIX SHARING \n🎬 : profile sharing/ 1 user\n↺ akun sharing tapi satu profile hanya 1 user saja\n↺ ada limit screen tapi jauh lebih sedikit. karena maksimal nonton di 4 device dan akun profile private ada 5 user ( 1 device per- user )\n↺ garansi 3x24 jam, dikerjakan secepat mungkin\n\n🎬 : profile sharing / 2 user\n↺ dalam satu profil ada 2 user, jadi history watch tercampur\n↺ limit screen lebih sering terjadi dibanding profile private karena usernya lebih banyak(10 user satu akun - 2 user per profile) dan maksimal streaming secara bersamaan 4 device\n↺ garansi 3x24 jam, semakin banyak user biasanya semakin besar kemungkinan buyer yang jail\n\n➜ NETFLIX PRIVATE \n↺ boleh ganti password asalkan konfirm ke seller\n↺ bebas login diberapa device tapi limit screen tetap 4 device ( udah dari netflixnya begini )\n↺ mostly aman, selama ada yang beli netflix private gapernah ada complain masalah password keganti dan keluhan lainya.",
      "isImage": true,
      "image_url": "https://telegra.ph/file/8c65c3ecb3a92d71eb910.jpg"
   },
   {
      "id": "120363054465977164@g.us",
      "key": "perbedaan vidio",
      "response": " Perbedaan Plan Platinum & Plan Diamond",
      "isImage": true,
      "image_url": "https://telegra.ph/file/bdf59091682627a256670.jpg"
   },
   {
      "id": "120363054465977164@g.us",
      "key": "perbedaan canva",
      "response": " *PERBEDAAN CANVA MEMBER, DESIGNER DAN EDUCATION✨*\n\n⊳ *MEMBER*\n- Tidak bisa melakukan kelebihan yang ada di template designer, hanya mendapatkan fitur ppt, dan lainnya\n\n⊳ *DESIGNER*\n- Bisa upload font, brand kit, upload colour palette, fitur ppt, dan lainnya\n\n⊳ *EDUCATION*\n- Mendapatkan fitur education teacher/student dalam canva serta mendapat fitur ppt, dan lainnya\n- Tidak bisa designer / tidak bisa mengupload font, brand kit, dan colour palette",
      "isImage": false,
      "image_url": "-"
   },
   {
      "id": "120363054465977164@g.us",
      "key": "rumus refund spotify",
      "response": " 📝 Rumus Refund\n\nharga beli × sisa durasi ÷ total durasi × fee = total refund\n\n🔹 60.000 × 3 ÷ 25 × 0.7 = 5.000\n\n📌 Ketentuan Service Fee\n🔸 0.8 = pemakaian kurang dari 1 minggu\n🔸 0.7 = belum pernah claim garansi\n🔸 0.6 = sudah pernah claim garansi 1-2×\n🔸 0.5 = sudah pernah claim garansi 3×\n🔸 0.4 = sudah pernah claim garansi > 3×\n\n📌 Ketentuan durasi\n1 bulan = 25 hari\n2 bulan = 50 hari\n3 bulan = 75 hari\n\nKenapa 25 hari? Karena spotify sendiri durasinya ga full 30 hari, biasanya 25-28 hari",
      "isImage": false,
      "image_url": "-"
   },
   {
      "id": "120363054465977164@g.us",
      "key": "solusi screen limit viu",
      "response": " *SOLUSI SCREEN LIMIT PADA VIU*\n\n*ANDRO* : Clear cache/data/reinstall aplikasi. Lalu relogin dan tunggu beberapa menit.\n\n*IOS* : Clear cache/data/reinstall aplikasi. Lalu relogin dan tunggu beberapa menit. Jika masih tidak bisa diamkan beberapa menit/download videonya jadi nonton tanpa streaming/pindah device sementara.\n\nNOTES :\nJika sudah didiamkan namun masih muncul, bisa download film yg akan di tonton lalu nonton tanpa streaming.",
      "isImage": false,
      "image_url": "-"
   },
   {
      "id": "120363054465977164@g.us",
      "key": "cara pindahi desain canva",
      "response": " *CARA MEMINDAHKAN DESAIN CANVA*\n\n- *LINK PDF*\nhttps://drive.google.com/file/d/1dLMgP2oVDGWBM3rtsdr1Ny5Pg2Ceqd-B/view?usp=drivesdk\n\n- *LINK YOUTUBE*\nhttps://www.youtube.com/watch?v=pP4tqxpuF_k&ab_channel=AgusSuputrayasa",
      "isImage": false,
      "image_url": "-"
   },
   {
      "id": "120363054465977164@g.us",
      "key": "cara mengatasi netflix incor",
      "response": " *MENGATASI PASSWORD NETFLIX YG SALAH/INCORRECT*\n\nnote : cara ini dipakai ketika passwordnya sebenarnya sudah benar tapi di device cust salah/incorrect. jadi pastikan lakukan step dibawah ini sesuai dengan device yg dipakai.\n\n⊳ *JIKA LOGIN VIA APLIKASI IOS*\n‌‌⇝ Buka setting - scroll kebawah - netflix - klik reset aplikasi\n‌‌⇝ Install ulang aplikasi jika belum berhasil\n‌‌⇝ Ganti jaringan dari wifi ke paket data & pastikan sinyal kuat\n\n⊳ *JIKA LOGIN VIA APLIKASI ANDRO*\n‌‌⇝ Buka setting - app managemen - netflix - penyimpanan - clear chace\n‌‌⇝ Buka setting - app managemen - netflix - penyimpanan - clear data\n‌‌⇝ Install ulang aplikasi jika belum berhasil\n‌‌⇝ Ganti jaringan dari wifi ke paket data & pastikan sinyal kuat\n\n⊳ *JIKA LOGIN VIA WEBSITE* \n‌‌⇝ Buka browser - history - buka netflix.com/clearcookies lalu netflix.com/YourAccount\n\n⊳ *JIKA LOGIN VIA SMART TV*\n‌‌⇝ Buka app netflix di tv - klik sign in from web - lalu buka hp - login akun di netflix.com/clearcookies / netflix.com/YourAccount \n‌‌⇝ buka netflix.com/tv8 - masukkan kode yg ada di layar tv, done\n\n📝 : Jika di tv tidak muncul kode login artinya tv tersebut tidak support login via kode, jadi kalo di tv ternyata masih incorrect wajib pakai device lain",
      "isImage": false,
      "image_url": "-"
   },
   {
      "id": "120363054465977164@g.us",
      "key": "solusi keluar yt fam",
      "response": " *CARA KELUAR DARI YOUTUBE FAMPLAN✨*\n\n⊳ *ANDROID* \n1. Buka playstore\n2. Klik profil akun email yang nyangkut langganan YouTube\n3. Klik penggaturan\n4. Pilih keluarga, lalu klik kelola anggota keluarga\n5. Klik titik tiga diatas terus keluar \n\n⊳ *IOS* \n1. Buka safari\n2. Buka https://www.google.co.id/\n3. Klik akun email yang menyangkut langganan YouTube Famplan\n4. Klik kelola akun google\n5. Klik orang dan berbagi\n6. Cari \"keluarga anda di google\"\n7. Klik lihat grup keluarga\n8. Klik garis tiga diatas\n9. Klik keluar dari grup keluarga",
      "isImage": false,
      "image_url": "-"
   },
   {
      "id": "120363054465977164@g.us",
      "key": "netflix",
      "response": " *Netflix Premium*\n\n*Akun Sharing [1P1U]*\n1 Bulan Rp. 25.000\n2 Bulan Rp. 52.000\n3 Bulan Rp. 83.000\n6 Bulan Rp. 140.000\n1 Tahun Rp. 250.000\n\n*Akun Sharing [2 User]*\n1 Bulan Rp. 18.000\n2 Bulan Rp. 35.000\n3 Bulan Rp. 55.000\n6 Bulan Rp. 100.000\n\n*Semi Private*\n1 Bulan : 45.000\n\n*Akun Private*\n1 Minggu Rp. 45.000\n1 Bulan Rp. 130.000\n2 Bulan Rp. 230.000\n3 Bulan Rp. 350.000\n\n*Catatan*\n_• Full Garansi Sesuai Durasi Pembelian_\n_• Max Fixing 0-3Days_\n_• 2 User Tanyakan Stok Terlebih Dahulu!!_\n_• Support All Device_\n_• Resolusi Ultra HD_\n_• Akun Dari Admin_",
      "isImage": false,
      "image_url": "-"
   },
   {
      "id": "120363054465977164@g.us",
      "key": "canva",
      "response": " *CANVA PRO💥*\n\n⊳ *MEMBER*\n1 bulan : 1.000\n2 bulan : 2.000\n3 bulan : 3.000\n4 bulan : 4.000\n5 bulan : 5.000\n6 bulan : 6.000\n1 tahun : ~7.000~ --> 5.000\n\n⊳ *DESIGNER* +1k\n\n⊳ *EDUCATION*\nLifetime : 8.000\n\n— Sistem invite email\n— 1 tahun garansi 6 bulan\n— Lifetime garansi 6 bulan\n— 1-6bulan full garansi",
      "isImage": false,
      "image_url": "-"
   },
   {
      "id": "120363054465977164@g.us",
      "key": "disney shar 10u",
      "response": " _*DISNEY HOTSTAR*_\n\n1 BULAN SHARING — Rp 23.000\n2 BULAN SHARING — Rp 45.000\n3 BULAN SHARING — Rp 70.000\n4 BULAN SHARING — Rp 80.000\n5 BULAN SHARING — Rp 100.000\n6 BULAN SHARING — Rp 115.000\n1 TAHUN SHARING — Rp 135.000\n\n‼️NOTE \n\n» Akun di sediain seller\n» Full Garansi\n» Bisa buat TV/HP Bebas",
      "isImage": false,
      "image_url": "-"
   },
   {
      "id": "120363054465977164@g.us",
      "key": "disney",
      "response": " *DISNEY+ HOTSTAR*\n\nHARIAN\n\n*1 HARI*\n6USER - 3000\n3USER - 5000 *(antilimit)*\n*2 HARI* \n6USER - 5000\n3USER - 9000 *(antilimit)*\n*3 HARI*\n6USER - 7000\n3USER - 12000 *(antilimit)*\n*5 HARI*\n6USER - 10.000\n3USER - 18.000 *(antilimit)*\n*7 HARI*\n6USER - 14.000\n3USER - 23.000 *(antilimit)*\n\n*SHARING 1 BULAN*\n6USER - 27.000\n5USER - 29.000\n4USER - 39.000\n3USER - 50.000 *(antilimit)*\n\n*SHARING 2 BULAN*\n6USER - 45.000\n5USER - 60.000\n4USER - 75.000\n3USER - 95.000 *(antilimit)*\n\n*SHARING 3 BULAN*\n6USER - 75.000\n5USER - 85.000\n4USER - 110.000\n3USER - 140.000 *(antilimit)*\n\n📝 notes\n! log in dengan otp dan janjian dulu dengan seller\n! full garansi apabila mematuhi\n\nSnK\n! pindah device/otp ulang kena fee +4k\n! private bisa akun cust\n\n☎️ order : chat admin grup",
      "isImage": false,
      "image_url": "-"
   },
   {
      "id": "120363054465977164@g.us",
      "key": "youtube",
      "response": " *YOUTUBE PREMIUM*\n\n» *FAMPLAN*\n1 bulan : 2.000\n2 bulan : 4.000\n\n» *FAMHEAD*\n1 bulan : 6.000\n\n— Famplan via invite email\n— Famplan max 2x premium dlm setahun\n— Akun dari seller +2k\n\n» *INDPLAN* \n1 bulan : 7.000\n~2 bulan : 10.000~\n3 Bulan : 20.000 [ Fullgar ]\n3 Bulan : 13.000 [ Garansi 1× ]\n3 Bulan : 9.000 [ No Garansi ]\n\n— Indplan wajib akun fresh / belum pernah premium\n— Akun dari seller +2k",
      "isImage": false,
      "image_url": "-"
   },
   {
      "id": "120363054465977164@g.us",
      "key": "wetv",
      "response": " *WETV✨*\n\n⊳ *SHARING*\n1 bulan : 6.000\n3 bulan : 9.000\n1 tahun : 12.000\n\n⊳ *PRIVATE*\n1 bulan : 33.000\n\n— Sharing gabisa login tv\n— Login biasa\n— 1 tahun garansi 6 bulan\n— Private akun seller",
      "isImage": false,
      "image_url": "-"
   },
   {
      "id": "120363054465977164@g.us",
      "key": "viu",
      "response": " *VIU PREMIUM FULLGAR BF✨*\n\n⊳ *PRIVATE BIASA*\n1 bulan : 3.000\n2 bulan : 5.000\n3 bulan : 6.000\n6 bulan : 8.000\n1 tahun : 10.000\n\n⊳ *PRIVATE ANTILIMIT* \n1 bulan : 4.500\n3 bulan : 8.500\n6 bulan : 12.000\n12 bulan : 15.000\n\n— Akun dari seller\n— Akun private bukan sharing\n— 1 tahun garansi 6 bulan\n-Bulk? Pc, Beda Harga!",
      "isImage": false,
      "image_url": "-"
   },
   {
      "id": "120363054465977164@g.us",
      "key": "bstation",
      "response": " *BSTATION*\n\n⊳ *SHARING*\n1 bulan : 8.000\n3 bulan : 13.000\n1 tahun : 14.000\n\n— Login biasa\n— Tidak bisa login di TV\n— Screenlimit episode vip\n— 1 tahun garansi 6 bulan",
      "isImage": false,
      "image_url": "-"
   },
   {
      "id": "120363054465977164@g.us",
      "key": "prime",
      "response": " *AMAZON PRIME VIDEO✨*\n\n⊳ *SHARING*\n1 bulan (4u) : 7.000\n\n⊳ *PRIVATE* \n1 bulan akun seller : 15.000\n\n— All device bisa di semua device\n— Private akun seller dapat akses gmail\n— Private akun cust wajib belom pernah prem amazon",
      "isImage": false,
      "image_url": "-"
   },
   {
      "id": "120363054465977164@g.us",
      "key": "iqiyi",
      "response": " *IQIYI✨*\n\n⊳ *SHARING*\n1 bulan : 7.000\n3 bulan : 10.000\n1 tahun : 13.000\n\n— Sharing gabisa login tv\n— Login biasa\n— 1 tahun garansi 6 bulan",
      "isImage": false,
      "image_url": "-"
   },
   {
      "id": "120363054465977164@g.us",
      "key": "capcut",
      "response": " *CAPCUT ✨*\n\n⊳ *SHARING*\n1 tahun : 15.000\n\n— 1 tahun garansi 6 bulan\n— Via send ke gmail cust\n— Bisa di IOS dan Android",
      "isImage": false,
      "image_url": "-"
   },
   {
      "id": "120363054465977164@g.us",
      "key": "wps",
      "response": " WPS PREMIUM\n\nPRIVATE ACCOUNT\n— 25.OOO / BULAN\n\nSHARING ACCOUNT\n— 15.OOO / BULAN\n\n— full warranty\n— email seller only",
      "isImage": false,
      "image_url": "-"
   },
   {
      "id": "120363054465977164@g.us",
      "key": "vpn",
      "response": " 💫 express vpn\n sharing \n ๑ 1 bulan 20k\n\n💫 vypr vpn\n\n sharing\n ๑ 1 tahun 35k\n\n💫 nord vpn\n\n sharing\n ๑ 1 tahun 30k\n_‼️ akun dari seller_\n_‼️ full garansi_\n_‼️send email c untuk durasi 1th_\n\n💫Avira Vpn\n•3 Bulan 10K\n\nNOTE:\n-Email Dari Cust/Buyer\n-Full Garansi",
      "isImage": false,
      "image_url": "-"
   },
   {
      "id": "120363054465977164@g.us",
      "key": "grammarly",
      "response": " GRAMMARLY \n\nSHARING ACCOUNT\n— 7.OOO / BULAN\n— 12.OOO / 3BULAN\n— 20.OOO / 6BULAN\n— 30.OOO / TAHUN\n\nPRIVATE ACCOUNT\n— 10.OOO / BULAN\n— 20.OOO / 3BULAN\n— 35.OOO / 6BULAN\n— 65.OOO / TAHUN\n\n• accept email cust atau seller\n• 1 & 3 bulan full garansi\n• 6 bulan garansi 3bulan\n• 1 tahun garansi 6 bulan",
      "isImage": false,
      "image_url": "-"
   },
   {
      "id": "120363054465977164@g.us",
      "key": "canva owner",
      "response": " *[ _CANVA OWNER_ ]*\n\n*45 HARI INVITE*\nMEMBER : _Rp2.000_\nDESIGNER : _Rp3.500_\n\n*OWNER/HEAD*\n30 HARI : _Rp6.000_\n45 HARI : _Rp8.000_\n________ \n» Fullgar\n» Owner/head akun dari seller\n» Owner bisa invite 500+ member",
      "isImage": false,
      "image_url": "-"
   },
   {
      "id": "120363054465977164@g.us",
      "key": "hbo",
      "response": " HBO GO \n\nSHARING ACCOUNT\n— 13.OOO / BULAN\n— login tv wajib take 2 slot\n\nPRIVATE ACCOUNT\n— 35.OOO / BULAN\n— 75.OOO / 3BULAN",
      "isImage": false,
      "image_url": "-"
   },
   {
      "id": "120363054465977164@g.us",
      "key": "loklok",
      "response": " *LOKLOK✨*\n\n⊳ *SHARING*\n1 bulan : 8.000\n3 bulan : 12.000\n\n— Login biasa",
      "isImage": false,
      "image_url": "-"
   },
   {
      "id": "120363054465977164@g.us",
      "key": "lr",
      "response": " *LIGHROOM✨*\n\n⊳ *SHARING*\n1 tahun : 13.000\n\n— Via send ke email cust\n— Bisa untuk IOS & Android\n— 1 tahun garansi 6 bulan",
      "isImage": false,
      "image_url": "-"
   },
   {
      "id": "120363054465977164@g.us",
      "key": "vision+",
      "response": " VISION+ PREMIUM SPORT\n\n🎤 PRIVATE ACCOUNT\n\n 1 Minggu : 11K\n 1 Bulan : 25K\n 2 Bulan : 50K\n 3 Bulan : 70K\n 1 Tahun : 120K\n\n🎤 SHARING 2U\n \n 1 Minggu : 7k\n 1 Bulan : 14K\n 2 Bulan : 30K\n 3 Bulan : 45K\n 1 Tahun : 65K\n\nnoted :\n• Bisa akun cust\n• Alldevice\n• Full garansi \n• Bisa nonton semua sports di vision termasuk timnas senior\n• Bulk order pc aja",
      "isImage": false,
      "image_url": "-"
   },
   {
      "id": "120363054465977164@g.us",
      "key": "minecraft",
      "response": " 🥳 MINECRAFT ˎˊ˗\n\nSHARING\n - lifetime : 13.000\n\n• Sistem pinjam apple id\n• Garansi 6 bulan\n• Hanya untuk IOS",
      "isImage": false,
      "image_url": "-"
   },
   {
      "id": "120363054465977164@g.us",
      "key": "pou",
      "response": " 🥛 POU ˎˊ˗\n\nSHARING\n-lifetime : 12.000\n\n• Sistem pinjam apple.id\n• Garansi 6 bulan\n• Hanya untuk IOS",
      "isImage": false,
      "image_url": "-"
   },
   {
      "id": "120363054465977164@g.us",
      "key": "turnitin",
      "response": " *CEK TURNITIN*\n\n1x cek = 3k\n2x cek = 5k\n3x cek = 7k\n4x cek = 9k\n5x cek = 12k\n\n‼️ 5x cek bonus 1x cek \n\nNOTE:\n• bisa filter dafpus dan kutipan\n• tidak bisa filter cover\n• no respository",
      "isImage": false,
      "image_url": "-"
   },
   {
      "id": "120363054465977164@g.us",
      "key": "am",
      "response": " *ALIGHT MOTION✨*\n\n⊳ *SHARING*\n1 bulan : 8.000\n1 tahun : 13.000\n\n— 1 tahun garansi 6 bulan\n— Wajib setor merk device + lokasi cust\n— Hasil edit tidak tercampur / terlihat oranglain\n— Login via google",
      "isImage": false,
      "image_url": "-"
   },
   {
      "id": "120363054465977164@g.us",
      "key": "zoom",
      "response": " *ZOOM PRO✨*\n\nSEWA ZOOM\n• 1OO PARTISIPAN : 8.OOO/JAM\n• 1OO PARTISIPAN : 15.OOO/HARI\n• 3OO PARTISIPAN : 50.OOO/HARI\n• 5OO PARTISIPAN : 75.OOO/HARI\n• 1OOO PARTISIPAN : 135.OOO/HARI\n\nUPGRADE ZOOM\n• 1OO PARTISIPAN : 85.OOO/BULAN\n• 3OO PARTISIPAN : 275.OOO/BULAN\n• 5OO PARTISIPAN : 395.OOO/BULAN\n• 1OOO PARTISIPAN : 480.OOO/BULAN",
      "isImage": false,
      "image_url": "-"
   },
   {
      "id": "120363054465977164@g.us",
      "key": "vsco",
      "response": " *VSCO✨*\n\n⊳ *SHARING*\n1 tahun (plus) : 12.000\n1 tahun (pro) : 17.000\n\n— 1 tahun garansi 6 bulan\n— Via send ke gmail cust\n— Plus : Android\n— Pro : IOS",
      "isImage": false,
      "image_url": "-"
   },
   {
      "id": "120363054465977164@g.us",
      "key": "vidio diamond",
      "response": " ・— VIDIO DIAMOND —・\n\n ✶ PLAN MOBILE (HP & TABLET)\n ੈ 1 bulan SHARE 2U : 40.000\n ੈ 1 bulan PRIVATE : 60.000\n\n ✶ PLAN ALL DEV \n ੈ 1 bulan SHARE 2U : 60.000\n ੈ 1 bulan PRIVATE : 90.000\n\nnoted :\n➺ screen limit vidio cuma 1 device\n➺ full garansi \n➺ bisa akses EPL, UCL, UEL, UECL, Serie a, La liga, liga 1, series vidio dll\n➺ legal payment anti backfree\n➺ tidak termasuk express",
      "isImage": false,
      "image_url": "-"
   },
   {
      "id": "120363054465977164@g.us",
      "key": "vidio",
      "response": " *❇️ VIDIO PLATINUM*\n\n*PRIVATE ANTI LIMIT*\n1 Bulan TV / Andro : 8.000\n1 bulan Mobile : 20.000\n1 Bulan Alldev : 24.000\n\n*SHARING 2U*\n1 Bulan TV / Andro : 5.000\n1 Bulan Mobile : 16.000\n1 Bulan Alldev : 15.000\n\n*PRIVATE BUNDLE TV*\n1 Tahun : 10.000 ( Nogar ) \n\n*NOTE :*\n•Platinum : Bebas Akses Liga 1, UCL, Serie A, La Liga, FA Cup, NBA, TV Nasional, Film & Series. *GABISA NONTON EPL WOII!!*\n• Take Bulk? Harga Beda‼️\n• Durasi lain bisa tanya ke admin! \n• Garansi untuk BF\n• Bundle TV Pake Aplikasi Tambahan jika mau nonton di HP\n• AKUN KECOLONG, AKUN NONAKTIF/DISABLE = TIDAK ADA GARANSI",
      "isImage": false,
      "image_url": "-"
   },
   {
      "id": "120363054465977164@g.us",
      "key": "viki",
      "response": " 𝕍𝕀𝕂𝕀 𝕊𝕋𝔸ℕ𝔻𝔸ℝ\n\n 1 bulan ⇒ 15k\n\n↬ 1 tahun? coming soon ya\n↬ akun sharing",
      "isImage": false,
      "image_url": "-"
   },
   {
      "id": "120363054465977164@g.us",
      "key": "remini",
      "response": " ℝ𝔼𝕄𝕀ℕ𝕀\n\n𝗟𝗜𝗧𝗘 𝗜𝗢𝗦\n📸 1 tahun ⇒ 20k\n\n𝗣𝗥𝗢 𝗜𝗢𝗦\n📸 1 tahun ⇒ 25k\n\n𝗣𝗥𝗢 𝗔𝗡𝗗𝗥𝗢𝗜𝗗\n📸 1 tahun ⇒ 30k\n\n↝ Garansi 6 bulan",
      "isImage": false,
      "image_url": "-"
   },
   {
      "id": "120363054465977164@g.us",
      "key": "tezza",
      "response": " 𝕋𝔼ℤℤ𝔸\n\n 𝗣𝗥𝗜𝗖𝗘 :\n ✧ android ⇒ 25k\n ✧ ios pro  ⇒ 30k",
      "isImage": false,
      "image_url": "-"
   },
   {
      "id": "120363054465977164@g.us",
      "key": "prequel",
      "response": " ℙℝ𝔼ℚ𝕌𝔼𝕃\n\n 𝗣𝗥𝗜𝗖𝗘 :\n ⩩ 1 tahun ⇒ 15k\n\n••• 𝐍𝐨𝐭𝐞𝐬 : \n ⤷ akun sharing\n ⤷ garansi 6 bulan\n ⤷ sitem pinjam akun/apple id\n ⤷ akun dari seller",
      "isImage": false,
      "image_url": "-"
   },
   {
      "id": "120363054465977164@g.us",
      "key": "gagaolala",
      "response": " 𝔾𝔸𝔾𝔸𝕆𝕃𝔸𝕃𝔸\n\n🔖𝗣𝗥𝗜𝗖𝗘 :\n ⩩ 1 bulan ⇒ 10k\n\n••• 𝐍𝐨𝐭𝐞𝐬 : \n   ⤷ akun sharing",
      "isImage": false,
      "image_url": "-"
   },
   {
      "id": "120363054465977164@g.us",
      "key": "tiktokmusic",
      "response": " 𝕋𝕀𝕂𝕋𝕆𝕂 𝕄𝕌𝕊𝕀ℂ\n\n🔖𝗣𝗥𝗜𝗖𝗘 :\n ★ Slot ⇒ 8k\n ★ Famhead ⇒ 20k\n       ⤷bulk? 15k\n\n— invite akun buyer\n— famhead bebas akun dari seller atau buyer",
      "isImage": false,
      "image_url": "-"
   },
   {
      "id": "120363054465977164@g.us",
      "key": "catchplay",
      "response": " ⇢ ˗ˏˋ 𝐂𝐀𝐓𝐂𝐇𝐏𝐋𝐀𝐘 ࿐ྂ\n \n ༉‧₊˚. 1 bulan :: 8.OOO\n ༉‧₊˚. 3 bulan :: 15.OOO\n ༉‧₊˚. 1 tahun :: 28.OOO\n\n• acc sharing\n• acc seller \n• login hanya 1 device\n• 1 tahun garansi 6 bulan",
      "isImage": false,
      "image_url": "-"
   },
   {
      "id": "120363054465977164@g.us",
      "key": "scribd",
      "response": " 𝕊ℂℝ𝕀𝔹𝔻 \n\n 𝟭 𝗕𝗨𝗟𝗔𝗡 :\n ⩩ Sharing ⇒ 7k\n ⩩ Private ⇒ 15k",
      "isImage": false,
      "image_url": "-"
   },
   {
      "id": "120363054465977164@g.us",
      "key": "convert saldo",
      "response": " 💸 𝐅𝐄𝐄 𝐂𝐎𝐍𝐕𝐄𝐑𝐓 💸\n\n🔁 𝗧𝗨𝗞𝗔𝗥 𝗦𝗔𝗟𝗗𝗢 𝗘-𝗪𝗔𝗟𝗟𝗘𝗧 𝗣𝗥𝗘𝗠𝗜𝗨𝗠 & 𝗔𝗡𝗧𝗔𝗥 𝗕𝗔𝗡𝗞\n— 0k - 199k = 𝘧𝘦𝘦 1k\n— 200k - 299k = 𝘧𝘦𝘦 2k\n— 300k - 399k = 𝘧𝘦𝘦 3k\n— 400k - 499k = 𝘧𝘦𝘦 4k\n— 500k - 599k = 𝘧𝘦𝘦 5k\n— 600k - dst = 𝘱𝘦𝘳 𝘬𝘦𝘭𝘪𝘱𝘢𝘵𝘢𝘯 100k 𝘯𝘢𝘪𝘬 1k.\n\n🔁𝗧𝗨𝗞𝗔𝗥 𝗦𝗔𝗟𝗗𝗢 𝗘-𝗪𝗔𝗟𝗟𝗘𝗧 (𝗻𝗼𝗻 𝗽𝗿𝗲𝗺𝗶𝘂𝗺) \n— 0k - 19k = 𝘧𝘦𝘦 2000\n— 20k - 49k = 𝘧𝘦𝘦 3000\n— 50k - 99k = 𝘧𝘦𝘦 4000\n— 100k - 199k = 𝘧𝘦𝘦 6000\n— 200k - 299k = 𝘧𝘦𝘦 8000\n— 300k - 399k = 𝘧𝘦𝘦 10.000\n— 400k - 499k = 𝘧𝘦𝘦 12.000\n— 500k - 999k = 𝘳𝘢𝘵𝘦 0.97\n— 1000k - 1.499k = 𝘳𝘢𝘵𝘦 0.96\n— 2000k - dst = 𝘱𝘦𝘳 𝘬𝘦𝘭𝘪𝘱𝘢𝘵𝘢𝘯 500k 𝘵𝘶𝘳𝘶𝘯 1 𝘳𝘢𝘵𝘦. \n\n‼️Saldo × rate = uang yang didapat\n‼️Uang dibutuhkan : rate = saldo yang dibayar.",
      "isImage": false,
      "image_url": "-"
   },
   {
      "id": "120363054465977164@g.us",
      "key": "camscanner",
      "response": " ℂ𝔸𝕄𝕊ℂ𝔸ℕℕ𝔼ℝ\n\n 𝗣𝗥𝗜𝗖𝗘 ⇒ 15k\n\n••• 𝐍𝐨𝐭𝐞𝐬 : \n ⤷ akun sharing\n ⤷ garansi 6 bulan\n ⤷ sitem pinjam akun/apple id\n ⤷ akun dari seller",
      "isImage": false,
      "image_url": "-"
   },
   {
      "id": "120363054465977164@g.us",
      "key": "tidal",
      "response": " 𝕋𝕀𝔻𝔸𝕃 \n\n• Premium\n ☆ 1 bulan ⇒ 5k\n• HiFi\n ☆ 1 bulan ⇒ 13k\n\n↝ Proses dan garansi 1x24 jam",
      "isImage": false,
      "image_url": "-"
   },
   {
      "id": "120363054465977164@g.us",
      "key": "folls ig",
      "response": " Kebutuhan Instagram\n\n• *INSTAGRAM FOLLOWERS INDO*\n\n100 foll : Rp. 7.000\n200 foll : Rp. 11.000\n500 foll : Rp. 25.000\n1.000 foll : Rp. 38.000\n2.000 foll : Rp. 70.000\n\n\n\n• *INSTAGRAM FOLLOWERS BULE*\n\n100 foll : Rp. 3.500\n200 foll : Rp. 7.000\n500 foll : Rp. 10.000\n1.000 foll : Rp. 13.000\n2.000 foll : Rp. 24.000\n\n\n• *INSTAGRAM LIKE*\n\n100 like : Rp. 2.500\n200 like : Rp. 5.000\n500 like : Rp. 7.000\n1.000 like : Rp. 15.000\n2.000 like : Rp. 23.000\n3.000 like : Rp. 34.000\n4.000 like : Rp. 45.000\n\n\n• *INSTAGRAM REELS LIKE*\n\n100 like : Rp. 2.000\n200 like : Rp. 4.500\n500 like : Rp. 7.000\n1.000 like : Rp. 13.000\n2.000 like : Rp. 24.000\n3.000 like : Rp. 35.000\n4.000 like : Rp. 48.000\n\n\n• *INSTAGRAM VIEW VIDEO REELS*\n\n100 views : Rp. 1.500\n500 views : Rp. 4.000\n1.000 views : Rp. 7.000\n2.000 views : Rp. 13.000\n3.000 views : Rp. 17.000\n5.000 views : Rp. 23.000",
      "isImage": false,
      "image_url": "-"
   },
   {
      "id": "120363054465977164@g.us",
      "key": "meitu",
      "response": " *MEITU ✨*\n\n⊳ *SHARING*\n1 tahun : 22.000\n\n— Akun seller\n— Via send ke email cust\n— Garansi 6 bulan\n— Tidak termasuk HD",
      "isImage": false,
      "image_url": "-"
   },
   {
      "id": "120363054465977164@g.us",
      "key": "apps editing ios",
      "response": " 𝐚𝐩𝐩𝐬 𝐞𝐝𝐢𝐭𝐢𝐧𝐠 𝐢𝐨𝐬\n\n- dazzcam pro\n- goodnotes 6\n- ibis paint x\n- inshot\n- mojo\n- procreate / procrate pocket\n- tezza pro\n- unfold pro\n- vllo premium\n* durasi lifetime & 1tahun 20k\n\n• sistem pinjam apple id\n• verif harus janjian & sabar\n• garansi 6 bulan",
      "isImage": false,
      "image_url": "-"
   },
   {
      "id": "120363054465977164@g.us",
      "key": "ms365",
      "response": " *MICROSOFT365*\n\n⊳ *FAMPLAN*\n1 bulan : 6.000\n\n— Hanya butuh email\n— Bisa join famplan berkali-kali",
      "isImage": false,
      "image_url": "-"
   },
   {
      "id": "120363054465977164@g.us",
      "key": "wattpad",
      "response": " *WATTPAD ✨*\n\n⊳ *SHARING*\n1 bulan : 9.000\n1 tahun : 14.000\n\n— 1 tahun garansi 6 bulan\n— History bacaan kecampur",
      "isImage": false,
      "image_url": "-"
   },
   {
      "id": "120363054465977164@g.us",
      "key": "youku",
      "response": " *YOUKU✨*\n\n⊳ *SHARING*\n1 bulan : 6.000\n3 bulan : 10.000\n1 tahun : 12.000\n\n— Via login biasa\n— Tidak bisa di TV\n— Screenlimit hanya episode VIP\n— 1 tahun garansi 6 bulan",
      "isImage": false,
      "image_url": "-"
   },
   {
      "id": "120363054465977164@g.us",
      "key": "drakorid",
      "response": " *DRAKOR.ID ✨*\n\n⊳ *SHARING*\n1 tahun : 13.000\n\n— Login biasa\n— Bisa login di web / app\n— 1 tahun garansi 6 bulan",
      "isImage": false,
      "image_url": "-"
   },
   {
      "id": "120363054465977164@g.us",
      "key": "dazzcam",
      "response": " *DAZZCAM✨*\n\n⊳ *SHARING*\nlifetime : 15.000\n\n— 1 tahun garansi 6 bulan\n— Sistem pinjam apple id\n— Hanya untuk IOS",
      "isImage": false,
      "image_url": "-"
   },
   {
      "id": "120363054465977164@g.us",
      "key": "genflix",
      "response": " *GENFLIX✨*\n\n⊳ *SHARING*\n1 bulan : 9.000\n\n— Login via nomor",
      "isImage": false,
      "image_url": "-"
   },
   {
      "id": "120363054465977164@g.us",
      "key": "sushiroll",
      "response": " *SUSHIROLL✨*\n\n⊳ *SHARING*\n1 bulan : 8.000\n\n— Login via nomor",
      "isImage": false,
      "image_url": "-"
   },
   {
      "id": "120363054465977164@g.us",
      "key": "iflix",
      "response": " *IFLIX✨*\n\n⊳ *SHARING*\n1 tahun : 13.000\n\n— Via login biasa\n— Tidak bisa di TV\n— Screenlimit episode VIP\n— 1 tahun garansi 6 bulan",
      "isImage": false,
      "image_url": "-"
   },
   {
      "id": "120363054465977164@g.us",
      "key": "payment",
      "response": ": ➛ RAMZ APPS PAYMENT\n\n ✎ Qris? Jangan TF Ke QRIS Untuk Sementara🙌🏻\n\n✎ DANA\n—— 087779401899 an S\nhttps://link.dana.id/qr/341i7ocg\n\n✎ GOPAY\n—— 087799019317 an R / Sunita\n\n✎ OVO\n—— 087799019317 an MI / S\n\n✎ BANK JAGO\n—— 108282991550 an SUNITA\n\n✎ SEABANK\n—— 901064156917 an SUNITA\n\nDANA ADMIN JOKER\n081808088352 an ASR\n\nNote :\n— Payment _DANA & SHOPEEPAY_ topup dari bank +1.000\n— Payment _OVO & GOPAY_ topup dari bank +1000\n— Payment sesama _DANA_ *WAJIB* +100",
      "isImage": false,
      "image_url": "-"
   },
   {
      "id": "120363054465977164@g.us",
      "key": "spotify",
      "response": " *SPOTIFY ✨*\n\n⊳ *FAMPLAN*\n15 - 20 hari : 5.000\n30 - 40 hari : 8.000\n45 - 60 hari : 14.000\n\n— Butuh email dan pass\n— Region luar (random)\n— Renewal perbulan\n— Replace no fee\n— Max 2x join famplan dlm setahun\n— Akun seller +1k\n\n⊳ *INDPLAN*\n1 bulan : 13.000\n2 bulan : 18.000\n3 bulan : 22.000\n\n*-> NOGAR*\n1 Bulan : 5.000\n2 Bulan : 9.000\n3 Bulan : 10.000\n\n— Region luar (random)\n— Hanya bisa akun seller / replace\n— Replace no fee\n— Akun seller no fee",
      "isImage": false,
      "image_url": "-"
   },
   {
      "id": "120363054465977164@g.us",
      "key": "gtc",
      "response": " *GETCONTACT PRO/PREM*\n\n*1 Bulan* : 15K\n*6 Bulan* : 45k /PRO\n*12 Bulan* : 75k /PRO\n\nKelebihan Get Contact Prem & Profesional :\n- Bisa tau tag nama kita yang sudah di save di HP org lain\n- Bisa cek tag nama orang lain melalui no HP agar terhindar dari penipuan transaksi\n- Bisa cek siapa aja yang udah cek tag no HP kita\n- Tanpa iklan\n- Cek trust score (Professional)\n\nNote\n- Proses hanya menggunakan nomor\n- Jika akun masih dalam mode profesional, tidak bisa ditumpuk langganan\n- Akun pelanggan,bukan mod\n- Bisa pakai akun lama atau baru\n- Perpanjang bisa\n- 12B Garansi 6B\n- 6B Garansi 3B\n- 1B Garansi Full \n❗ Garansi jika event masih ada, jika tidak ada maka tdk ada garansi, membeli = setuju.",
      "isImage": false,
      "image_url": "-"
   },
   {
      "id": "120363054465977164@g.us",
      "key": "ifake",
      "response": " *IFAKE ✨*\n\n⊳ *ANDROID*\nlifetime : 30.000\n\n⊳ *IOS*\nlifetime : 15.000\n\n— Akun sharing dari seller\n— Android sistem login gmail\n— IOS sistem login apple.id\n— Garansi 6 bulan",
      "isImage": false,
      "image_url": "-"
   },
   {
      "id": "120363043112846922@g.us",
      "key": "pembayaran",
      "response": " *PAYMENT*\nDANA : 081319864696 +500p jika TF dari bank\nOVO : 089668652590\nGOPAY : -\nBCA : 3901081319864696\nBRI : 88810081319864696\nNEO+ : 5859458127884444\nQRIS : PP Group\n\n*SERTAKAN BUKTI TRANSFER KAK❤️*",
      "isImage": false,
      "image_url": "-"
   },
   {
      "id": "120363043112846922@g.us",
      "key": "jasa up dana bisnis",
      "response": " Jasa UP Scan QRIS Dana Bisnis All Payment Hanya 10k! Tanpa Login! 💼💳🔥\n\n- Bisa pake nama store lu\n- Bisa Open Gestun\n- Bisa pembayaran Malaysia\n- Bisa Jadi kang convert\n\nKeuntungan Menggunakan UP Scan QRIS Dana Bisnis All Payment:\n1️⃣ Semua Metode Pembayaran\n2. Keamanan terjamin karena pembuatan tanpa login",
      "isImage": false,
      "image_url": "-"
   },
   {
      "id": "120363043112846922@g.us",
      "key": "netflix",
      "response": " *Netflix Premium*\n\n*Akun Sharing [1P1U]*\n1 Bulan Rp. 35.000\n2 Bulan Rp. 70.000\n3 Bulan Rp. 105.000\n6 Bulan Rp. 200.000\n1 Tahun Rp. 400.000\n\n*Akun Private*\n1 Minggu Rp. 50.000\n1 Bulan Rp. 130.000\n2 Bulan Rp. 240.000\n3 Bulan Rp. 350.000\n\n*Catatan*\n_• Full Garansi Sesuai Durasi Pembelian_\n_• Max Fixing 0-3Days_\n_• Support All Device_\n_• Resolusi Ultra HD_\n_• Akun Dari Admin_",
      "isImage": false,
      "image_url": "-"
   },
   {
      "id": "120363043112846922@g.us",
      "key": "vidio platinum",
      "response": " *VIDIO PREMIUM*\n_________________________\n\n*PLATINUM*\n\n*PRIVATE ANTI LIMIT*\n1 Bulan : 20.000\n3 Bulan : 50.000\n1 Tahun : 100.000\n\n*NOTE* : \n• Platinum : Bebas Akses Liga1, UCL, Serie A, LA Liga, FA Cup, NBA, Tv Nasional, Film & Series. *GABISA NONTON EPL WOI*\n• Full Garansi Selama Durasi Pembelian.",
      "isImage": false,
      "image_url": "-"
   },
   {
      "id": "120363043112846922@g.us",
      "key": "spotify",
      "response": " *SPOTIFY✨*\n\n⊳ *INDPLAN*\n3 bulan : 25.000\n1 Tahun : 70.000\n\n— Region luar (random)\n— Hanya akun seller/replace\n— Ppj sistem replace no fee\n— Akun seller no fee\n— No Renewal (jika tiba-tiba bf masa replace akun)",
      "isImage": false,
      "image_url": "-"
   },
   {
      "id": "120363043112846922@g.us",
      "key": "canva",
      "response": " *CANVA PRO💥*\n\n⊳ *MEMBER*\n1 bulan : 10.000\n2 bulan : 20.000\n3 bulan : 25.000\n6 bulan : 40.000\n1 tahun : 80.000\n\n⊳ *DESIGNER* +2k\n\n⊳ *EDUCATION*\nLifetime : 30.000\n\n— Sistem invite email\n— 1 tahun garansi 6 bulan\n— Lifetime garansi 6 bulan\n— 1-6bulan full garansi",
      "isImage": false,
      "image_url": "-"
   },
   {
      "id": "120363043112846922@g.us",
      "key": "kebutuhan instagram",
      "response": " Kebutuhan Instagram\n\n• *INSTAGRAM FOLLOWERS INDO*\n\n1.000 foll : Rp. 38.000\n2.000 foll : Rp. 70.000\n5.000 foll : Rp. 180.000\n10.000 foll : Rp. 340.000\n\n\n\n• *INSTAGRAM FOLLOWERS BULE*\n\n1.000 foll : Rp. 15.000\n2.000 foll : Rp. 25.000\n5.000 foll : Rp. 55.000\n10.000 foll : Rp. 105.000\n\n\n• *INSTAGRAM LIKE*\n\n*BULE*\n1.000 like : Rp. 10.000\n2.000 like : Rp. 20.000\n3.000 like : Rp. 25.000\n4.000 like : Rp. 30.000\n5.000 like : Rp. 35.000\n\n*INDO*\n1.000 like : Rp. 15.000\n2.000 like : Rp. 30.000\n3.000 like : Rp. 45.000\n5.000 like : Rp. 70.000\n\n\n• *INSTAGRAM REELS LIKE*\n\n100 like : Rp. 2.000\n200 like : Rp. 4.500\n500 like : Rp. 7.000\n1.000 like : Rp. 13.000\n2.000 like : Rp. 24.000\n3.000 like : Rp. 35.000\n4.000 like : Rp. 48.000\n\n\n• *INSTAGRAM VIEW VIDEO REELS*\n\n100 views : Rp. 1.500\n500 views : Rp. 4.000\n1.000 views : Rp. 7.000\n2.000 views : Rp. 13.000\n3.000 views : Rp. 17.000\n5.000 views : Rp. 23.000\n\n• *INSTAGRAM VIEW SG*\n\n1.000 views : Rp. 9.000\n2.000 views : Rp. 18.000\n3.000 views : Rp. 27.000\n5.000 views : Rp. 45.000\n10.000 views : Rp. 90.000\n\n\nNB : \n- SEMUA LAYANAN FULL GARANSI\n- JIKA ADA PENURUNAN BISA DI REFFIL\n- AKUN WAJIB TIDAK PRIVAT",
      "isImage": false,
      "image_url": "-"
   },
   {
      "id": "120363043112846922@g.us",
      "key": "kebutuhan tiktok",
      "response": " Kebutuhan tiktok\n\n*FOLLOWERS TIKTOK*\n\n1.000 foll : Rp. 35.000\n2.000 foll : Rp. 70.000\n5.000 foll : Rp. 100.000\n10.000 foll : Rp. 200.000\n\n\n*LIKE TIKTOK*\n\n1.000 like : Rp. 10.000\n2.000 like : Rp. 20.000\n5.000 like : Rp. 50.000\n10.000 like : Rp. 80.000\n\n*VIEW TIKTOK*\n\n10.000 view : Rp. 5.000\n50.000 view : Rp. 15.000\n100.000 view : Rp. 25.000\n500.000 view : Rp. 70.000\n1.000.000 view : Rp. 100.000",
      "isImage": false,
      "image_url": "-"
   },
   {
      "id": "120363043112846922@g.us",
      "key": "youtube premium",
      "response": " *_YOUTUBE PREMIUM 4 BULAN_*\n\n*1- _YT 4 Bulan Email Seller (Penjual_) : Rp.20.000* (GARANSI KENONAKTIFKAN, BANNED, DISABLE, BACK FREE) ✅\n\n*2- _YT 6 Bulan Email Seller (Penjual_) : Rp.30.000* \n(GARANSI KENONAKTIFKAN, BANNED, DISABLE, BACK FREE) ✅\n\n*3- _YT 1 Bulan Email Seller (Penjual_) : Rp.5.000* \n(GARANSI KENONAKTIFKAN, BANNED, DISABLE, BACK FREE) ✅\n\n*4- _YT 1 Bulan FAMHEAD Email Seller (Penjual_) : Rp.7.000* \n(GARANSI KENONAKTIFKAN, BANNED, DISABLE, BACK FREE) ✅\n\n*NOTE :*\nUntuk yang Garansi Berlaku dari tanggal awal order hingga masa berlaku habis, jadi mau bermasalah 10x pun tetep di ganti\n\n\n❗Tanyakan terlebih dahulu ketersediaan list yang kalian inginkan.",
      "isImage": false,
      "image_url": "-"
   },
   {
      "id": "120363054465977164@g.us",
      "key": "fnaf",
      "response": " *FIVE NIGHT AT FREEDY'S ✨*\n\n⊳ *ANDROID*\nlifetime (5 game) : 30.000 \n\n— Android sistem login gmail\n— Garansi 6 bulan",
      "isImage": false,
      "image_url": "-"
   },
   {
      "id": "120363054465977164@g.us",
      "key": "photoroom",
      "response": " *PHOTOROOM ✨*\n\n⊳ *SHARING*\n1 tahun : 25.000\n\n— Via login biasa (butuh OTP)\n— Bisa di Android & IOS\n— 1 tahun garansi 6 bulan",
      "isImage": false,
      "image_url": "-"
   },
   {
      "id": "120363054465977164@g.us",
      "key": "picsart",
      "response": " *PICSART✨*\n\n⊳ *SHARING*\n1 bulan : 8.000\n\n⊳ *PRIVATE*\n1 bulan : 11.000\n\n— Bisa untuk IOS dan Android\n— Private akun seller",
      "isImage": false,
      "image_url": "-"
   },
   {
      "id": "120363054465977164@g.us",
      "key": "oldroll",
      "response": " *OLDROLL ✨*\n\n⊳ *SHARING*\nlifetime : 20.000\n\n— Khusus Android\n— Garansi 6 bulan",
      "isImage": false,
      "image_url": "-"
   },
   {
      "id": "120363054465977164@g.us",
      "key": "papa",
      "response": " *PAPA'S GAME ✨*\n\n⊳ *SHARING*\nLifetime (16 games) : 35.000\n\n— Sistem pinjam apple.id\n— Garansi 6 bulan\n— Hanya untuk IOS",
      "isImage": false,
      "image_url": "-"
   },
   {
      "id": "120363054465977164@g.us",
      "key": "quillbot",
      "response": " Quillbot\n\nPrivate \n• 28.000 / Bulan\n\nSharing\n• 15.000 / Bulan\n\n— Can't request acc",
      "isImage": false,
      "image_url": "-"
   },
   {
      "id": "120363054465977164@g.us",
      "key": "duolingo",
      "response": " Duolingo\n\nFamily Invite\n• 15.000 / Bulan\n~• 35.000 / Tahun~\n\nIndividu Plan\n• 25.000 / Bulan\n~• 90.000 / Tahun~\n\n— Full Warranty\n— 1 Tahun Garansi 6 Bulan\n— Mau Order 1 Tahun? Tanyakan Stok Terlebih Dahulu ‼️",
      "isImage": false,
      "image_url": "-"
   },
   {
      "id": "120363141968776299@g.us",
      "key": "MLBB",
      "response": "*MOBILE LEGENDS FAST A*\n\n *86* 💎 ( 78 + 8 ) : Rp 22.005\n*172* 💎 ( 156 + 16 ) : Rp 44.010\n*258* 💎 ( 235 + 23 ) : Rp 66.015\n*344* 💎 ( 312 + 32 ) : Rp 88.020\n*429* 💎 ( 383 + 46 ) : Rp 110.025\n*514* 💎 ( 468 + 46 ) : Rp 132.030\n*600* 💎 ( 546 + 54 ) : Rp 154.035\n*706* 💎 ( 625 + 81 ): Rp 176.040\n*878* 💎 ( 781 + 97 ) : Rp 220.050\n*963* 💎 ( 859 + 105 ) : Rp 242.055\n*1050* 💎 ( 937 + 113 ) : Rp 264.060\n*1220* 💎 ( 1093 + 127 ) : Rp 308.070\n*1412* 💎 ( 1250 + 162 ) : Rp 352.080\n*2195* 💎 ( 1860 + 355 ) : Rp 528.022\n*2901* 💎 ( 2485 + 416 ) : Rp 704.062\n*3688* 💎 ( 3099 + 589 ) : Rp 880.070\n*5532* 💎 ( 4649 + 883 ) : Rp 1.326.000\n\n*MOBILE LEGENDS FAST B*\n\n *5* 💎 ( 5 + 0 ) : Rp 1.550\n *10* 💎 ( 9 + 1 ) : Rp 3.500\n *14* 💎 ( 13 + 1 ) : Rp 4.000\n *18* 💎 ( 17 + 1 ) : Rp 5.100\n *36* 💎 ( 33 + 3 ) : Rp 10.000\n *44* 💎 ( 39 + 3 ) : Rp 11.811\n *59* 💎 ( 52 + 4 ) : Rp 16.000\n *74* 💎 ( 67 + 7 ) : Rp 19.864\n*110* 💎 ( 100 + 10 ) : Rp 29.500\n*128* 💎 ( 117 + 11 ) : Rp 34.837\n*148* 💎 ( 134 + 14 ) : Rp 39.528\n*184* 💎 ( 167 + 17 ) : Rp 48.910\n*240* 💎 ( 217 + 23 ) : Rp 62.983\n*284* 💎 ( 250 + 27 ) : Rp 74.500\n*296* 💎 ( 267 + 29 ) : Rp 77.056\n*370* 💎 ( 333 + 37 ) : Rp 95.820\n*406* 💎 ( 366 + 40 ) : Rp 105.202\n*568* 💎 ( 503 + 65 ) : Rp 142.730\n*642* 💎 ( 635 + 7 ) : Rp 162.494\n*790* 💎 ( 703 + 87 ) : Rp 200.022\n*845* 💎 ( 818 + 27 ) : Rp 215.100\n\nharga sewaktu-waktu dapat berubah naik/turun.",
      "isImage": false,
      "image_url": "-"
   },
   {
      "id": "120363141968776299@g.us",
      "key": "FF",
      "response": "*FREE FIRE FAST*\n\n50 diamond : Rp 6.900\n70 diamond : Rp 8.910\n100 diamond : Rp 12.960\n140 diamond : Rp 17.820\n210 diamond : Rp 26.730\n280 diamond : Rp 36.640\n355 diamond : Rp 44.550\n425 diamond : Rp 53.460\n500 diamond : Rp 63.180\n720 diamond : Rp 89.100\n860 diamond : Rp 106.920\n1000 diamond : Rp 124.740\n1440 diamond : Rp 178.200\n2160 diamond : Rp 267.500\n\nMember Mingguan : Rp 27.000\nMember Bulanan : Rp 81.000\nBp Card : Rp 40.500",
      "isImage": false,
      "image_url": "-"
   },
   {
      "id": "120363141968776299@g.us",
      "key": "VILOG",
      "response": "*Diamond Via Login Safe*\n( play 2-3 match ranked ) \n\n275 💎 : Rp 60.000\n440 💎 : Rp 98.000 \n565 💎 : Rp 120.000\n840 💎 : Rp 183.000\n1155 💎 : Rp 243.000\n1765 💎 : Rp 365.000\n2975 💎 : Rp 585.000\n4740 💎 : Rp 945.000\n\n*WEEKLY DM PASS*\n2 weekly : Rp 50.000 \n3 weekly : Rp 75.000\n4 weekly : Rp 99.000\n5 weekly : Rp 122.500\n10 weekly : Rp 240.000\n\n*SPESIAL BUNDLE*\nEpic & Elite Bundle \nRp 78.000\n\n*note* : \n. proses play 2-3 match ranked \n. win / lose no complain, mau win? joki \n. diproses sesuai antrian \n. via login safe 100%\n. invoice google play\n. play 2-3 match ranked \n. wajib matikan v2l",
      "isImage": false,
      "image_url": "-"
   },
   {
      "id": "120363141968776299@g.us",
      "key": "payment",
      "response": "PAYMENT*\nDANA : 085893179544 ( + 100p ) \nSHOPEEPAY : 085811334690\nGOPAY : 085811334690\nOVO : 085811334690\nSEABANK : 901581727820 \nBLU BCA : 001875574903\nQris PP Grup + 0,3% \na/n rosmani & hilda ka",
      "isImage": false,
      "image_url": "-"
   },
   {
      "id": "120363054465977164@g.us",
      "key": "tutor icloud",
      "response": " TUTOR ICLOUD 200GB‼️🔥\n\n- cukup modal diawal seterusnya free\n- kapasitas 200gb\n- bisa buat simpen data\n- bisa buat invite orang\n⛔️GABAKAL KESEDOT DANA KALIAN\n\n\nRenew setiap bulan free/gratis\nPake Icloud sendiri/apple id sendiri\nHarga 235K aja cocok buat jangka panjang dan berhemat🔥",
      "isImage": false,
      "image_url": "-"
   },
   {
      "id": "120363054465977164@g.us",
      "key": "apple gc",
      "response": " 🍎𝗚𝗜𝗙𝗧𝗖𝗔𝗥𝗗 𝗔𝗣𝗣𝗟𝗘🍎\n\n📛𝙠𝙚𝙩𝙞𝙠 𝗦𝗡𝗞 𝗔𝗣𝗣𝗟𝗘 𝙨𝙚𝙗𝙚𝙡𝙪𝙢 𝙤𝙧𝙙𝙚𝙧\n\n✅APPLE MUSIC 1-2 BULAN\n💰IDR 12.000/CODE\n\n✅APPLE ICLOUD 50GB 4 BULAN\n💰IDR 14.000/CODE\n\n✅APPLE TV 3 BULAN \n💰IDR 10.000/CODE\n\n✅APPLE ARCHADE 2-3 BULAN\n💰IDR 10.000/CODE\n\n 🔥ℍ𝕆𝕋 ℙ𝔸𝕂𝔼𝕋🔥\n✅APPLE MUSIC 1-2 BULAN\n✅APPLE ICLOUD 4 BULAN\n✅APPLE TV 3 BULAN \n✅APPLE ARCHADE 2-3 BULAN\n\n💰𝐈𝐃𝐑 𝟐𝟓.𝟎𝟎𝟎 - 𝟒 𝐂𝐎𝐃𝐄\n\n🔥🅱🆄🅻🅺 🅾🆁🅳🅴🆁🔥\n✅APPLE MUSIC 1-2 BULAN\n✅APPLE ICLOUD 4 BULAN\n\n💰𝐈𝐃𝐑 𝟗.𝟎𝟎𝟎/𝐂𝐎𝐃𝐄\n♻️min order 10\n♻️boleh mix 5:5",
      "isImage": false,
      "image_url": "-"
   },
   {
      "id": "120363054465977164@g.us",
      "key": "gdrive",
      "response": " *GOOGLE DRIVE MURMER* \n\n *100GB* 25.000/3bulan [viagift]\n *2TB NOGAR* 12.000/6bulan [vialogin] \n\n\n *• • — Google Drive/One — • •* \n\n *100 GB* \n ↳ 1 Tahun 120.000\n\n *200 GB* \n ↳ 1 Tahun 210.000\n\n *2 TB/TeraByte* \n ↳ 1 Tahun 500.000\n\n\n- Legal\n- Full garansi\n- Pakai CC pribadi\n- 100% Dijamin aman\n- 100% Privasi terjaga\n- Bisa untuk dijual lagi dengan sistem Family\n⛔ *BISA PERPANJANGAN* \n\n❗️note : BUKAN AKUN EDU, BUKAN AKUN SHARING! akun bersifat permanen, tapi berdurasi 1 tahun. jika ga perpanjang hanya gabisa upload, file akan tetap aman pemanen",
      "isImage": false,
      "image_url": "-"
   },
   {
      "id": "120363054465977164@g.us",
      "key": "quizlet",
      "response": " *QUIZLET TEACHER PLUS*\n\n💰1 BULAN IDR 15.000\n\n✅Harga asli 48.0000\n✅Akun only dari seller\n✅Fullgaransi",
      "isImage": true,
      "image_url": "https://telegra.ph/file/02252c82eb489222fa6e6.jpg"
   },
   {
      "id": "120363054465977164@g.us",
      "key": "snk apple",
      "response": " 🌸ʂɳƙ ɠαɾαɳʂι ɠιϝƚƈαɾԃ🌸\n\nsyarat claim :\n\n‼️𝗣𝗘𝗡𝗧𝗜𝗡𝗚‼️\n\n➡️pastikan apple id belum pernah redeem code -gapaham tanya atmin\n➡️pastikan apple id belum pernah claim event dana\n➡️pastikan apple id tidak ada langganan aktif -gapaham tanya atmin\n\n1. GC invalid ss aja buktinya, pasti bakal ku ganti ya kodenya\n2. GC used biasanya karena double send, tapi kalau gak kebukti di aku double send maka ndak bisa masuk garansi ya🤗 \n\nnotes : boleh ikut dicek juga kalau mau ngasih kode ke cust caranya bisa lewat itunes (web), atau coba redeem kode pakai akun yang udah premium apmus nya, nanti bakal keliatan kalau gcnya invalid / used",
      "isImage": false,
      "image_url": "-"
   },
   {
      "id": "120363054465977164@g.us",
      "key": "sewa bot",
      "response": " *Open Sewa Bot Whatsapp*\n \n• Bot Store Only 5K / Bulan\n• Bot Topup Provider Orderkuota : 20K / Bulan\n• Bot Topup Game Provider Digiflazz + Suntik followers : 30K / Bulan\n• Bot Auto Order + Deposit Otomatis + Store 25K / Bulan\n\nKeuntungan? \n— Bot On 24 Jam\n— Auto Order Otomatis Bisa Ditinggal Kerja\n— Include Biaya Panel\n— Siap Pakai Tinggal Siapin Stock Saja\n— Deposit Otomatis Untuk Bot Auto Order / Bot Topup Provider Orderkuota\n— Deposit Manual Untuk Bot Provider Digiflazz + Suntik SMM\n— Bisa Setting Profit Sendiri Sesuai Keinginan Anda\n\n*Noted :*\n-Wajib Pakai Nomor Sendiri\n-Siapin Data Yang Diperlukan -Cek Demo Bot?\n• Bot Store Only : 0882016888445\n• Bot Topup Provider Digiflazz : 0887042786166\n• Bot Auto Order + Deposit Otomatis : 088740467015\n• Bot Topup Provider Orderkuota : Still In Process\n\nInfo Lebih Lanjut Tentang Sewa Bot? Hubungi wa.me/6287779401899",
      "isImage": false,
      "image_url": "-"
   },
   {
      "id": "120363054465977164@g.us",
      "key": "good notes",
      "response": " *GOODNOTES 6 ✨*\n\n⊳ *IOS*\nLifetime : 23.000\n\n— Sistem login gmail\n— Garansi 6 bulan",
      "isImage": false,
      "image_url": "-"
   },
   {
      "id": "120363054465977164@g.us",
      "key": "crunchyroll",
      "response": " *CRUNCHYROLL ✨*\n\n⊳ *SHARING*\n1 tahun : 15.000\n\n— Akun seller\n— Sharing tidak bisa di TV\n— 1 tahun garansi 6 bulan",
      "isImage": false,
      "image_url": "-"
   },
   {
      "id": "120363054465977164@g.us",
      "key": "brainly",
      "response": " *BRAINLY PLUS ✨*\n\n⊳ *SHARING*\n1 tahun : 30.000\n\n— Akun seller\n— Via send ke email cust\n— Garansi 6 bulan",
      "isImage": false,
      "image_url": "-"
   },
   {
      "id": "120363054465977164@g.us",
      "key": "ibis paint",
      "response": " *IBIS PAINT ✨*\n\n⊳ *ANDROID*\n1 tahun : 17.000\n\n— Sistem login gmail\n— Garansi 6 bulan",
      "isImage": false,
      "image_url": "-"
   },
   {
      "id": "120363054465977164@g.us",
      "key": "perbedaan youtube",
      "response": " *PERBEDAAN YOUTUBE INDPLAN DAN FAMPLAN✨*\n\n⊳ *YOUTUBE FAMPLAN*\n- Join ke family melalui sistem invite email\n- Akun harus fresh / baru atau minimal udah pernah join famplan sama 1 kali \n- Maksimal 2x join famplan dalam setahun\n\n⊳ *YOUTUBE INDPLAN*\n- Premium sistem login akun jadi perlu email dan pass\n- Wajib pakai akun fresh / baru yang belum pernah premium sama sekali",
      "isImage": false,
      "image_url": "-"
   },
   {
      "id": "120363054465977164@g.us",
      "key": "perbedaan spotify",
      "response": " *PERBEDAAN SPOTIFY FAMPLAN DAN INDPLAN✨*\n\n⊳ *SPOTIFY FAMPLAN*\n- Join ke family tetapi tetap memerlukan email pass untuk di premiumin \n- Famplan max 2x premium dalam setahun, lebih dari itu jika tetap ingin premium di akun yang sama wajib replace akun \n- Kalau perpanjang / replace akun followers, following bakal hilang tetapi playlist dan like song tetap ada\n\n⊳ *SPOTIFY INDPLAN NO REPLACE*\n- Premium sistem login akun jadi perlu email dan pass\n- Setelah premium wajib ganti email/pass\n- Bisa premium / perpanjang berkali-kali tanpa replace akun\n- Perpanjang followers, following, playlist, dan like song tidak akan hilang\n- Ada kemungkinan akun bisa ke disable\n\n⊳ *SPOTIFY INDPLAN AKTIVASI*\n- Premium sistem login akun jadi perlu email dan pass\n- Lanjut premium / perpanjang wajib replace akun \n- Perpanjang followers, following hilang tetapi playlist dan liked song tetap ada",
      "isImage": false,
      "image_url": "-"
   },
   {
      "id": "120363054465977164@g.us",
      "key": "perbedaan viu",
      "response": " *PERBEDAAN VIU BIASA DAN VIU LESSLIMIT*\n\n⊳ *BIASA*\n- Sering terkena limit\n- Jika terkena bug limit dari viunya tidak bisa dibenari. Akan terus seperti itu. Jadi, solusinya download film terus-terusan, sulit untuk streaming karena terkena bug limit.\n\n⊳ *LESSLIMIT*\n- Jarang terkena limit\n- Jika terkena bug limit, maka akan benar dengan sendirinya dalam deberapa menit atau jam.",
      "isImage": false,
      "image_url": "-"
   },
   {
      "id": "120363054465977164@g.us",
      "key": "terraria",
      "response": " *TERRARIA ✨*\n\n⊳ *IOS*\nLifetime : 15.000\n\n— Sistem pinjam apple id seller\n— Garansi 6 bulan",
      "isImage": false,
      "image_url": "-"
   },
   {
      "id": "120363054465977164@g.us",
      "key": "netflix crack",
      "response": " *NETFLIX CRACK*\n\n~6.000/basic plan ( 1 device can watch at a time, 720p video quality only. )~\n 8.000/standar plan ( 2 devices, 1080p video quality )\n 9.000/premium plan ( 4 devices, 4K video quality ) \n\nstrikethrough means not available\n\n•—: US BASED. \n•—: premium/standard plan.\n•—: high quality. \n•—: log in warranty \n•—: 98% no need vpn.\n•—: account bisa dijual harian, mingguan, bulanan.\n•—: langsung copas, dan sudah di cek satu satu. \n•—: UNDERSTAND WHAT ARE CRACKS FIRST!",
      "isImage": false,
      "image_url": "-"
   },
   {
      "id": "120363054465977164@g.us",
      "key": "klik film",
      "response": " *KLIK FILM PREMIUM✨*\n\n-> *SHARING*\n1 Hari : 2.500\n7 Hari : 10.000\n1 Bulan : 12.000\n\n-> *PRIVATE*\n1 Hari : 4.000\n7 Hari : 12.000\n1 Bulan : 15.000\n\n— Akun seller / Cust\n— Full Garansi\n— Legal Paid\n— Include Box Office Indonesia, Hollywood, Thai, Mandarin,Iran, French, Anime, World Cinema Week, JAFF 2020, Dll.",
      "isImage": false,
      "image_url": "-"
   },
   {
      "id": "120363054465977164@g.us",
      "key": "teleprem",
      "response": " *TELEGRAM PREMIUM*\n\n— no warranty \n1 bulan : 45.000 (login)\n3 bulan : 95.000 (gift)\n6 bulan : 70.000 (gift) \n12 bulan : 75.000 ( login) \n12 bulan : 80.000 (gift) \n\n— full warranty \n1 bulan : 54.000 (login)\n3 bulan : 205.000 (gift)\n3 bulan : 195.000 (link) \n6 bulan : 285.000 ( gift) \n6 bulan : 250.000 (link) \n12 bulan : 395.000 (login) \n12 bulan : 490.000 (gift) \n\nnotes:\n-must ask stock first! \n-no warranty: no rush order\n-full warranty: can rush order, ask first\n-login = privacy 101% aman!\n-via login wajib standby karna membutuhkan kode otp\n-premium langsung dari aplikasi telegram\n-tnc : ketik tnc teleprem",
      "isImage": false,
      "image_url": "-"
   },
   {
      "id": "120363054465977164@g.us",
      "key": "tnc teleprem",
      "response": " ʿ 𝐓erms & 𝐂onditions\n\n✨RULES ORDER TELEPREM ✨\n✎ .¸¸.━━━━━━━━━━━━━━━━━ᝰ ˚。˚\n\n👻 Silahkan diphami sebelum membeli teleprem\n\n👻Payment dilakukan diawal untuk menghindari terjadinya HIT & RUN\n\n👻Payment via Dana, ShopeePay, Gopay, Ovo atau Qris All E-wallet.\nTidak menerima rekber, ragu??? Silahkan skip.\n\n👻Isi format dengan benar saat membeli, karena saya tidak akan bertanggungjawab jika kesalahan bukan dari saya\n\n👻Jangan sembarangan transfer sebelum konfirmasi terlebih dahulu \n\n👻Dilarang keras membatalkan orderan setelah payment. Tidak sabaran dan memaksa untuk ref akan dikurangi 10k. Full Refund jika kesalahan murni dari saya\n\n👻Type no rush minimal 24jam & maksimal 1 minggu.. Kdang bisa cepat kadang bisa lebih lama, tergantung ada kendala atau tidaknya\n\n👻Via gift dipremiumin lewat username jadi saat pengerjaan dilarang keras mengganti username, jika bandel saya tidak akan bertanggungjawab ya\n\n👻Via login membutuhkan nomor untuk login, jika ada device masuk jangan dikick apalagi baru purchase \n\n👻Kalau udah premium pasti dikabarin.\nBukan untuk pembeli yg kasar atau rude buyer",
      "isImage": false,
      "image_url": "-"
   },
   {
      "id": "120363054465977164@g.us",
      "key": "form tele",
      "response": " FORMAT TELEGRAM PREMIUM LOGIN @minramz\n・❥・ Username:\n・❥・ Durasi: 1 month\n・❥・ Warranty: yes/no\n・❥・ No:\n・❥・ V2: (jika ada)\n・❥・ Ket: \n・❥・ Payment:\n\nFORMAT TELEGRAM PREMIUM GIFT @minramz\n・❥・ Username Pembeli:\n・❥・ Username Yang Di Gift: \n・❥・ Durasi: 3 months\n・❥・ Warranty: yes/no\n・❥・ Ket: \n・❥・ Payment:\n\nsend to telegram @minramz\nprocess in telegram",
      "isImage": false,
      "image_url": "-"
   },
   {
      "id": "120363054465977164@g.us",
      "key": "email kampus",
      "response": " READY STOCK \nEMAIL GOOGLE DOMAIN KAMPUS\n\n🇮🇩AKUN KAMPUS 1TB STORAGE\nRp. 110.000\n\n🇮🇩AKUN KAMPUS 300GB STORAGE\nRp. 50.000\n\n🇮🇩AKUN KAMPUS 120TB STORAGE\nRp. 400.000\n\n🇮🇩AKUN KAMPUS SUPPORT WIFI ID \nRp. 125.000\n\n~🇮🇩AKUN SHARING STORAGE PRIVATE~\n~Rp. 40.000~\n\nFREE : \n• Google Drive Unlimited\n• Wifi ID Unlimited\n• Cloud Student\n• Layanan Education\n• Azure, AWS, Github Student etc\n• GDrive Aktif Selamanya\n• Wifi ID Aktif 4 Tahun\n• Bergaransi\n\n☁️ Order Melalui PM☁️\nwa.me/6287779401899\nTelegram : @minramz",
      "isImage": false,
      "image_url": "-"
   },
   {
      "id": "120363210414023903@g.us",
      "key": "netflix",
      "response": "🏷️ *NETFLIX*\n\n🪧 1 MONTH 1P1U 20.000\n🪧 2 MONTH 1P1U 40.000\n🪧 3 MONTH 1P1U 57.000\n\n🪧 1 MONTH 1P2U 15.000\n🪧 2 MONTH 1P2U 24.000\n🪧 3 MONTH 1P2U 36.000\n\n🪧 1 MONTH SEMI PRIVATE 32.000\n🪧 1 MONTH PRIVATE 100.000\n\n🖍️bill mostly rvisa/random billed\n🖍️fixing 0—1 day, full 30d\n🖍️selain durasi yang ada di atas, kalian juga bisa langsung request durasi sesuai yang kalian inginkan",
      "isImage": false,
      "image_url": "-"
   },
   {
      "id": "6282163886828-1605764704@g.us",
      "key": "payment ",
      "response": " *Ovo : 082163886828\nDana :082163886828*",
      "isImage": true,
      "image_url": "https://telegra.ph/file/caa37138c0111a0c04f84.jpg"
   },
   {
      "id": "6282163886828-1605764704@g.us",
      "key": "payment",
      "response": "*Ovo:082163886828 Dana:082163886828*",
      "isImage": true,
      "image_url": "https://telegra.ph/file/966a678e43c1b786cffbf.jpg"
   },
   {
      "id": "120363054465977164@g.us",
      "key": "gmail",
      "response": " AKUN GMAIL\n\n*Gmail Fresh*\nRp. 1.500 / Acc\n\n— Garansi 24 Jam",
      "isImage": false,
      "image_url": "-"
   },
   {
      "id": "120363244237435594@g.us",
      "key": "youtube",
      "response": " 💠 *YOUTUBE PREMIUM*\n\n» *FAMPLAN*\nଓ 1 bulan : 3000\nଓ 2 bulan : 5.000\n\n» *INDPLAN*\nଓ 3 bulan : 12.000 {acc seller} \nଓ 4 bulan : 18.000 { acc seller } \n\n» *FAMHEAD*\nଓ 1 bulan : 7.000 { acc seller} \n\n• famplan via invite \n• Famplan hanya bisa 2x dalam satu tahun \n• famhead bisa invite 5 orang\n• fullgar apabila akun backfree bulan terdisable",
      "isImage": false,
      "image_url": "-"
   },
   {
      "id": "120363244237435594@g.us",
      "key": "list",
      "response": " 💠 *PRICELIST*\n \n 「 *DAFTAR LIST* 」\n *1. Alight Motion*\n *2. Amazon Prime*\n *3. Arti 1u/2u*\n *4. Arti Indplan & Famplan*\n *5. Bstation*\n *6. Canva*\n *7. Capcut*\n *8. Cara Deposit*\n *9. Cara Order*\n *10. Dazzcam*\n *11. Diamond Ff*\n *12. Diamond Ml*\n *13. Disney*\n *14. Facebook*\n *15. Format*\n *16. Getcontact*\n *17. Growtopia*\n *18. Hbo Go*\n *19. Icloud*\n *20. Iflix*\n *21. Instagram*\n *22. Iqiyi*\n *23. Jenis Jenis Akun*\n *24. Ketentuan Order*\n *25. Ketentuan Refill*\n *26. Lightroom*\n *27. Linkweb*\n *28. Loklok*\n *29. Netflix*\n *30. Payment*\n *31. Penjelasan Layanan*\n *32. Penjelasan Status Pesanan*\n *33. Perbedaan Netflix*\n *34. Picsart*\n *35. Promo*\n *36. Quillbot*\n *37. Rekomendasi*\n *38. Remini*\n *39. Rumus*\n *40. Shopee*\n *41. Spotify*\n *42. Telegram*\n *43. Testimoni*\n *44. Tiktok*\n *45. Twitter*\n *46. Undawn*\n *47. Vidio*\n *48. Vision+*\n *49. Viu*\n *50. Vsco*\n *51. Wetv*\n *52. Wps*\n *53. Youku*\n *54. Youtube*\n *55. Youtube Need*",
      "isImage": false,
      "image_url": "-"
   },
   {
      "id": "120363244237435594@g.us",
      "key": "alightmotion",
      "response": "💠 *ALIGHTMOTION*\n\n*PRIVATE*\n ଓ 1 Tahun : 12.000 \n\n *SHARINNG* \nଓ 1 tahun : 8.000\n\n- sahring akun dari seller \n- private akun buyer, akun seller + 2k \n- 1 tahun garansi 6 bulan",
      "isImage": false,
      "image_url": "-"
   },
   {
      "id": "120363244237435594@g.us",
      "key": "primeamazon",
      "response": " 💠 *PRIME VIDEO AMAZON*\n\n*SHARING*\n ଓ 1 Bulan : 7.000\n\n*PRIVATE*\nଓ 1 Bulan akun buyer : 15.000\nଓ 1 Bulan akun seller : 20.000\n\nSupport all device \n\n- Full Garansi apabila akun backfree bukan kelock atau yg lainnya",
      "isImage": false,
      "image_url": "-"
   },
   {
      "id": "120363244237435594@g.us",
      "key": "bstation",
      "response": " 💠 *BSTATION PREMIUM* \n\n*SHARING*\nଓ 1 BULAN : 10.000\nଓ 3 BULAN : 15.000\nଓ 1 TAHUN : 20.000\n\n *PRIVATE*\nଓ 1 BULAN : 35.000\nଓ 3 BULAN : 80.000\nଓ 1 TAHUN : 230.000\n\n*Note :*\n- Sharing akun dari seller\n- Private bisa akun dari cust\n- Durasi sharing 3 bulan & 1 tahun, akun di send langsung via email cust",
      "isImage": false,
      "image_url": "-"
   },
   {
      "id": "120363054465977164@g.us",
      "key": "bulk viu",
      "response": " ```PROMO BULK VIU PRIVATE MURAH```\n\nHARGA BULK 10 AKUN 👇\n7 BULAN PRIVATE : 15.000\n9 BULAN PRIVATE : 20.000\n(TERSEDIA 500+ AKUN☑️)\n\n*NOTE :*\n➡️COPAS ACC SELLER\n➡️BULK BEBAS MAU BERAPA AKUN, MINIMAL 5\n➡️GAR SETENGAH DURASI\n➡️REQ DOMAIN? +2K",
      "isImage": false,
      "image_url": "-"
   },
   {
      "id": "120363054465977164@g.us",
      "key": "promo",
      "response": " *PROMO 10/APR/2024 - 17/APR/2024*\n\n\n*ZOOM* `PROMO🔥` \n30 Hari : *Rp 10.000* \nSTOK : *20*\n> 100 Peserta \n> Private Full Garansi\n> Garansi Backfree\n> Ce Email/Akun Buyer (Wajib log email)\n\n\n*ALIGHT MOTION* `PROMO🔥` \n7 Bulan : *Rp 5.000* \nSTOK : *∞*\n> Mail Buyer (Wajib Fresh)\n> Mail Seller +2k\n> Private \n> Garansi 4 Bulan\n\n\n*SCRIBD* `PROMO🔥`\n30 Hari : *Rp 6.000* \nSTOK : *98*\n> Private & Full Garansi\n> Akun Seller/Buyer (Wajib log Email)\n\n\n*VPN* `PROMO🔥`\n7 Hari : *Rp 6.000* /VPN\nSTOK : *90/VPN*\n> Nord, PIA, Express, Shurfshark\n> Private Akun Seller \n> Full Garansi \n> Req VPN yang lain chat aja\n\n\n*BSTATION* `PROMO🔥`\n1 Bulan : Rp 25.000\nSTOK : *50*\n> Private\n> Akun Buyer (Gaperlu send mail/pw)\n> Bisa perpanjang \n> 1 Bulan Garansi Full\n\n\n*MICROSOFT 365* `PROMO🔥`\n1 Bulan Invite : *Rp 3.000* \n1 Bulan Famhead : *Rp 6.500* \nSTOK : *∞*\n> Cukup kirim mail saja (invite)\n> Famhead akun seller\n> Full Garansi 1 Bulan\n> Lisensi Office 365 (Word, Excel, dll.) & OneDrive 1TB \n\n\n*TIKTOK MUSIC* `PROMO🔥`\n1 Bulan Invite : *Rp 3.000* \n1 Bulan Famhead : *Rp 7.000* \nSTOK : *∞*\n> 1 Bulan cukup kirim mail saja (Invite)\n> Famhead bisa invite 5 orang\n> Full Garansi 1 Bulan \n\n\n*CANVA* `PROMO🔥`\nDurasi 30-45 Hari\nMember Pro : *Rp 500* \nPro Designer : *Rp 1.000* \nAdmin : *Rp 3.000* \nOwner 30D : *Rp 3.000* (NOGAR)\nOwner 45D : *Rp 4.500* (NOGAR)\nSTOK : *∞*\n> Cukup kirim mail saja (invite)\n> Full Garansi sesuai durasi\n> Owner bisa invite Admin 5 Admin + 500 Member Pro/Designer\n> Admin bisa invite 100+ (Pro/Designer)\n> Member Pro Hanya bisa menikmati fitur yang dilock\n> Designer Pro Bisa menambahkan/mengupload font dan kit spesial yang disebut dengan \"Brandkit\"\n\n\n*MOBILE LEGENDS* `PROMO🔥`\nWDP : *Rp 27.200* \nSTOK : *∞*\n> Via ID Server\n> Proses 1-15 Menit \n\n\n*GENSHIN IMPACT* `PROMO🔥`\nWELKIN : *Rp 56.500* \nSTOK : *∞*\n> Via UID Server\n> Proses 1-15 Menit",
      "isImage": false,
      "image_url": "-"
   },
   {
      "id": "120363266306413743@g.us",
      "key": "netflix",
      "response": " *NETFLIX PREMIUM*\n\n*SHARING 1P1U*\n\n1 BULAN 25K\n2 BULAN 45K\n3 BULAN 60K\n6 BULAN 105K\n1 TAHUN 205K\n\n*SHARING 1P2U*\n1 BULAN 18K\n2 BULAN 33K\n3 BULAN 48K\n6 BULAN 83K\n\n*PRIVATE*\n1 BULAN 110K\n2 BULAN 200K\n3 BULAN 290K\n6 BULAN 570K\n1 TAHUN 1060K\n\n\n*_Note :_*\n- _Full Garansi, no VPN_\n- _1 Bulan : 29 - 31 day_\n- _*1P1U* (1 Profile ada 1 User)_\n- _*1P2U* (1 Profile ada 2 User)_\n- _Garansi Hangus Jika Melanggar RULES_",
      "isImage": false,
      "image_url": "-"
   },
   {
      "id": "120363266306413743@g.us",
      "key": "nama produk",
      "response": "harga nya",
      "isImage": false,
      "image_url": "-"
   },
   {
      "id": "120363266306413743@g.us",
      "key": "payment",
      "response": " *PAYMENT*\n\n\n*DANA/OVO/GOPAY/SHOPEEPAY*\n083159012787 [Dan****a]\n\n*BANK BCA*\n5520614895 [Dan****a]\n\n*QRIS PP GRUP*\n\n\n*PASTIKAN NOMINAL SUDAH BENAR SEBELUM MELAKUKAN PEMBAYARAN*",
      "isImage": false,
      "image_url": "-"
   },
   {
      "id": "120363266306413743@g.us",
      "key": "disney",
      "response": " *Disney+ Hotstar*\n\n1 BULAN SHARED 25K \n\n_*Note:*_\n_-Support All Device Durasi Akun 28-30 Hari Terhitung Sebulan_\n_-Full Garansi Sesuai Durasi_\n\n*Tanyakan Stok Sebelum Order*",
      "isImage": false,
      "image_url": "-"
   },
   {
      "id": "120363077986088331@g.us",
      "key": "canva",
      "response": "CANVA\n\n1 Bulan : Rp. 5.000\n2 Bulan : Rp. 8.000\n3 Bulan : Rp. 10.000\n6 Bulan : Rp. 14.000\n1 Tahun : Rp. 18.000",
      "isImage": false,
      "image_url": "-"
   },
   {
      "id": "120363077986088331@g.us",
      "key": "netflix",
      "response": "Netflix\n\nPrivate (1 Akun 5 Profile )\n\n- 1 Bulan: Rp. 142.000\n\nSharing (1 Profil 1 User)\n\n- 1 Bulan : Rp 27.000\n- 3 Bulan : Rp. 68.000 ( renew )\n\nSharing (1 Profil 2 User )\n\n- 1 Bulan : Rp. 18.000\n- 3 Bulan : Rp. 50.000 ( renew )",
      "isImage": false,
      "image_url": "-"
   }
]